{
  "1": {
    "lime": {
      "feature_0": -0.45461613350234503,
      "feature_1": 1.328791986004462,
      "feature_2": 0.25863994249752703,
      "feature_3": -1.4127347146683755,
      "feature_4": -1.0847126871013444,
      "feature_5": -0.6807822714319227,
      "feature_6": -1.0968571709256738,
      "feature_7": 0.3490074389581844,
      "feature_8": -2.3022179723327048,
      "feature_9": -2.429230809838396
    },
    "shap": {
      "feature_1": -1.3337440922192687,
      "feature_9": -1.2024821959697656,
      "feature_7": 1.1424479839125832,
      "feature_4": 2.3230073823644664,
      "feature_8": 0.07152506166441357,
      "feature_3": 0.49589069629262034,
      "feature_0": 0.5074871825412001,
      "feature_6": -0.22824128061641263,
      "feature_2": -0.1437973423696233,
      "feature_5": 1.2638760876798074
    },
    "client_agreement": {
      "client_3_vs_client_1": 0.5515151515151515,
      "client_3_vs_client_2": 0.48484848484848486,
      "client_1_vs_client_2": 0.19393939393939397
    },
    "metadata": {
      "round": 1,
      "client_count": 3,
      "client_ids": [
        "client_3",
        "client_1",
        "client_2"
      ],
      "aggregation_method": "weighted_average"
    }
  },
  "2": {
    "lime": {
      "feature_0": 0.9587069936381637,
      "feature_1": 1.477312877971813,
      "feature_2": 0.877836927895007,
      "feature_3": -1.0188752602776203,
      "feature_4": -0.771725156676394,
      "feature_5": 3.828289066658632,
      "feature_6": -0.4901924048445399,
      "feature_7": 1.3906248750016341,
      "feature_8": 0.4139453133136514,
      "feature_9": -0.8813820155303366
    },
    "shap": {
      "feature_7": 1.885367366428651,
      "feature_1": -0.9424922058997977,
      "feature_8": 1.1824027001824429,
      "feature_9": -1.3181327414839763,
      "feature_4": -0.928492576844991,
      "feature_6": -1.1455401772629672,
      "feature_0": -0.31991453071392933,
      "feature_5": 0.29199475467310265,
      "feature_3": 0.0070034320247645485,
      "feature_2": 1.1323098524836304
    },
    "client_agreement": {
      "client_3_vs_client_1": 0.503030303030303,
      "client_3_vs_client_2": 0.6909090909090909,
      "client_1_vs_client_2": 0.5515151515151515
    },
    "metadata": {
      "round": 2,
      "client_count": 3,
      "client_ids": [
        "client_3",
        "client_1",
        "client_2"
      ],
      "aggregation_method": "weighted_average"
    }
  }
}